Drive.left_vel, Drive.right_vel, time, Drive.left_voltage, Drive.right_voltage
0, 0, 7.10199999999972, 0.0, 0.0
0, 0, 31.05899999999906, 0.0, 0.0
0, 0, 40.87400000000052, 0.0, 0.0
0, 0, 60.696999999999335, 0.0, 0.0
0, 0, 80.64500000000052, 0.0, 0.0
0, 0, 100.69200000000045, 0.0, 0.0
0, 0, 120.91700000000039, 0.0, 0.0
0, 0, 140.66000000000045, 0.0, 0.0
0, 0, 161.05699999999956, 0.0, 0.0
0, 0, 180.70499999999967, 0.0, 0.0
0, 0, 200.68399999999897, 0.0, 0.0
0, 0, 220.74199999999956, 0.0, 0.0
0, 0, 240.65199999999896, 0.0, 0.0
0, 0, 260.67899999999963, 0.0, 0.0
0, 0, 280.65999999999923, 0.0, 0.0
0, 0, 300.7749999999998, 0.0, 0.0
0, 0, 320.6509999999998, 0.0, 0.0
0, 0, 340.72800000000035, 0.0, 0.0
0, 0, 360.65799999999905, 0.0, 0.0
0, 0, 380.72900000000055, 0.0, 0.0
0, 0, 400.80500000000006, 0.0, 0.0
0, 0, 420.6719999999997, 0.0, 0.0
0, 0, 440.95699999999914, 0.0, 0.0
0, 0, 460.89399999999966, 0.0, 0.0
0, 0, 480.9570000000001, 0.0, 0.0
0, 0, 501.0779999999997, 0.0, 0.0
0, 0, 520.6400000000002, 0.0, 0.0
0, 0, 540.6789999999991, 0.0, 0.0
0, 0, 560.7539999999993, 0.0, 0.0
0, 0, 580.6839999999997, 0.0, 0.0
0, 0, 600.7859999999994, 0.0, 0.0
0, 0, 620.6680000000002, 0.0, 0.0
0, 0, 640.6229999999997, 0.0, 0.0
0, 0, 660.6760000000005, 0.0, 0.0
0, 0, 680.688, 0.0, 0.0
0, 0, 701.1470000000006, 0.0, 0.0
0, 0, 720.642999999999, 0.0, 0.0
0, 0, 740.651999999999, 0.0, 0.0
0, 0, 760.6979999999996, 0.0, 0.0
0, 0, 780.9889999999999, 0.0, 0.0
0, 0, 800.7519999999993, 0.0, 0.0
0, 0, 820.6439999999997, 0.0, 0.0
0, 0, 840.6679999999991, 0.49696969696969695, 0.4989736070381232
0, 0, 860.6239999999996, 0.509090909090909, 0.5111436950146627
0, 0, 880.7290000000005, 0.5212121212121212, 0.5233137829912023
3, 0, 900.703, 0.5454545454545455, 0.5476539589442816
8, 0, 920.6690000000002, 0.5575757575757576, 0.5598240469208212
9, 3, 940.6470000000003, 0.5696969696969697, 0.5719941348973607
9, 8, 960.6999999999992, 0.5818181818181818, 0.5841642228739004
9, 12, 980.9819999999992, 0.593939393939394, 0.59633431085044
6, 18, 1001.0010000000004, 0.6060606060606061, 0.6085043988269795
1, 24, 1020.6409999999995, 0.6181818181818182, 0.6181818181818182
0, 27, 1040.6370000000002, 0.6303030303030303, 0.6303030303030303
0, 29, 1060.7790000000002, 0.6424242424242425, 0.6424242424242425
0, 30, 1080.6950000000004, 0.6545454545454545, 0.6545454545454545
1, 32, 1100.6520000000003, 0.6666666666666667, 0.6666666666666667
1, 37, 1120.6379999999995, 0.6787878787878788, 0.6787878787878788
1, 44, 1140.649999999999, 0.6909090909090909, 0.6909090909090909
1, 48, 1160.831, 0.7001955034213099, 0.703030303030303
1, 58, 1180.973999999999, 0.7122678396871944, 0.7151515151515151
0, 65, 1203.5090000000005, 0.7243401759530792, 0.7272727272727273
0, 68, 1220.7019999999993, 0.7364125122189639, 0.7393939393939395
1, 67, 1240.748, 0.7484848484848485, 0.7515151515151516
3, 72, 1260.7099999999996, 0.7605571847507331, 0.7636363636363637
11, 71, 1280.8770000000002, 0.7726295210166177, 0.7757575757575758
22, 72, 1300.7899999999993, 0.7847018572825024, 0.7878787878787878
35, 76, 1320.8009999999995, 0.7967741935483871, 0.8
47, 82, 1340.8219999999992, 0.8088465298142717, 0.8121212121212121
60, 85, 1360.645999999999, 0.8209188660801563, 0.8242424242424242
68, 89, 1380.725, 0.832991202346041, 0.8363636363636363
73, 92, 1401.0569999999998, 0.8450635386119256, 0.8484848484848484
77, 95, 1420.7439999999992, 0.8571358748778103, 0.8606060606060606
82, 97, 1440.6529999999993, 0.869208211143695, 0.8727272727272727
85, 99, 1460.6499999999994, 0.8812805474095797, 0.884848484848485
88, 101, 1480.6500000000008, 0.8933528836754644, 0.8969696969696971
92, 106, 1500.6369999999993, 0.905425219941349, 0.9090909090909092
95, 108, 1521.2020000000007, 0.9174975562072336, 0.9212121212121213
97, 110, 1540.913999999999, 0.9295698924731183, 0.9333333333333333
99, 115, 1560.649999999999, 0.9416422287390029, 0.9454545454545455
101, 122, 1580.7479999999998, 0.9537145650048876, 0.9575757575757576
102, 126, 1600.8309999999994, 0.9657869012707722, 0.9696969696969697
104, 130, 1620.7049999999992, 0.9778592375366568, 0.9818181818181818
107, 136, 1640.905, 0.9899315738025415, 0.9939393939393939
111, 139, 1661.0420000000001, 1.0020039100684262, 1.006060606060606
115, 141, 1680.8689999999995, 1.0140762463343107, 1.018181818181818
119, 142, 1700.9399999999991, 1.0261485826001955, 1.0303030303030303
122, 145, 1720.9149999999997, 1.03822091886608, 1.0424242424242425
124, 146, 1740.8520000000003, 1.0502932551319648, 1.0545454545454545
126, 147, 1760.6640000000002, 1.0744379276637341, 1.0787878787878789
130, 149, 1780.8030000000006, 1.0865102639296187, 1.090909090909091
133, 152, 1800.7039999999997, 1.0985826001955035, 1.103030303030303
137, 157, 1820.7959999999996, 1.110654936461388, 1.1151515151515152
141, 163, 1840.6540000000007, 1.1227272727272728, 1.1272727272727274
144, 169, 1860.7820000000004, 1.1347996089931573, 1.1393939393939394
145, 175, 1881.1990000000005, 1.146871945259042, 1.1515151515151516
146, 180, 1901.0990000000004, 1.1589442815249267, 1.1636363636363636
148, 182, 1920.9569999999997, 1.1710166177908112, 1.1757575757575758
151, 185, 1941.191999999999, 1.183088954056696, 1.187878787878788
155, 187, 1960.8059999999998, 1.1951612903225806, 1.2
158, 190, 1980.936999999999, 1.2072336265884651, 1.2121212121212122
163, 194, 2000.8470000000002, 1.21930596285435, 1.2242424242424241
165, 199, 2020.6839999999993, 1.2313782991202344, 1.2363636363636363
168, 203, 2040.6759999999995, 1.2434506353861192, 1.2484848484848485
168, 209, 2060.6679999999997, 1.2555229716520038, 1.2606060606060605
169, 212, 2080.8339999999994, 1.2675953079178885, 1.272727272727273
171, 216, 2100.6920000000005, 1.2796676441837733, 1.284848484848485
175, 219, 2120.6549999999993, 1.2917399804496579, 1.296969696969697
179, 223, 2140.7950000000005, 1.3038123167155424, 1.309090909090909
187, 226, 2161.021999999999, 1.3158846529814272, 1.3212121212121213
196, 232, 2180.6819999999993, 1.3279569892473118, 1.3333333333333335
204, 236, 2201.067, 1.3400293255131965, 1.3454545454545455
212, 240, 2220.898, 1.352101661779081, 1.3575757575757577
219, 245, 2241.066, 1.3641739980449656, 1.3696969696969696
225, 250, 2260.7859999999996, 1.3762463343108504, 1.3818181818181818
229, 254, 2280.6309999999994, 1.388318670576735, 1.393939393939394
233, 256, 2300.872, 1.4003910068426197, 1.406060606060606
237, 258, 2320.988999999999, 1.4124633431085043, 1.4181818181818182
242, 259, 2340.832000000001, 1.4245356793743889, 1.4303030303030302
245, 261, 2360.676999999999, 1.4366080156402736, 1.4424242424242424
250, 262, 2380.642999999999, 1.4486803519061584, 1.4545454545454546
254, 265, 2400.6950000000006, 1.460752688172043, 1.4666666666666668
257, 270, 2420.731999999999, 1.4728250244379277, 1.478787878787879
257, 273, 2441.0769999999998, 1.4848973607038123, 1.490909090909091
258, 276, 2461.2409999999995, 1.496969696969697, 1.5030303030303032
260, 279, 2480.7290000000003, 1.5090420332355816, 1.5151515151515151
261, 282, 2500.679, 1.5211143695014662, 1.5272727272727273
262, 285, 2520.828, 1.533186705767351, 1.5393939393939395
265, 288, 2540.6770000000006, 1.5452590420332355, 1.5515151515151515
266, 290, 2560.6349999999998, 1.5573313782991203, 1.5636363636363637
265, 292, 2581.213, 1.5694037145650048, 1.5757575757575757
266, 297, 2601.343, 1.5750733137829913, 1.587878787878788
267, 300, 2621.1169999999997, 1.5870967741935484, 1.6
268, 305, 2640.9699999999993, 1.6111436950146627, 1.6242424242424243
271, 310, 2660.947, 1.62316715542522, 1.6363636363636362
274, 316, 2680.9530000000004, 1.6351906158357772, 1.6484848484848484
277, 320, 2700.7209999999995, 1.6472140762463343, 1.6606060606060606
282, 324, 2721.4589999999994, 1.6592375366568914, 1.6727272727272726
286, 328, 2740.6290000000004, 1.6712609970674486, 1.6848484848484848
293, 333, 2760.6850000000004, 1.683284457478006, 1.6969696969696968
299, 337, 2780.6700000000005, 1.695307917888563, 1.709090909090909
306, 340, 2800.9939999999992, 1.7073313782991202, 1.7212121212121212
311, 343, 2820.947, 1.7193548387096773, 1.7333333333333332
317, 346, 2840.7990000000004, 1.7313782991202344, 1.7454545454545454
321, 347, 2860.8349999999996, 1.743401759530792, 1.7575757575757578
326, 349, 2880.7340000000004, 1.7554252199413491, 1.76969696969697
329, 354, 2900.8660000000004, 1.7674486803519065, 1.781818181818182
334, 357, 2920.6649999999995, 1.7794721407624636, 1.7939393939393942
336, 361, 2940.7599999999993, 1.7914956011730208, 1.7987781036168133
340, 365, 2961.086999999999, 1.8035190615835779, 1.810850439882698
343, 371, 2980.8140000000003, 1.815542521994135, 1.8229227761485827
347, 374, 3001.0790000000006, 1.8275659824046924, 1.8349951124144672
350, 378, 3020.6669999999995, 1.8395894428152495, 1.847067448680352
355, 383, 3040.6549999999993, 1.8516129032258066, 1.8591397849462366
356, 388, 3060.651999999999, 1.8636363636363638, 1.871212121212121
359, 391, 3080.7859999999996, 1.8756598240469209, 1.8832844574780059
362, 394, 3100.6710000000003, 1.8876832844574782, 1.8953567937438904
366, 398, 3120.735999999999, 1.8997067448680354, 1.9074291300097752
371, 400, 3140.727999999999, 1.9117302052785925, 1.9195014662756598
378, 400, 3160.6500000000005, 1.9237536656891496, 1.9315738025415443
382, 402, 3180.700999999999, 1.9357771260997068, 1.943646138807429
387, 404, 3201.036, 1.947800586510264, 1.9557184750733136
390, 406, 3220.675, 1.9598240469208212, 1.9677908113391984
393, 407, 3240.72, 1.9718475073313784, 1.979863147605083
393, 410, 3260.7099999999996, 1.9838709677419355, 1.9919354838709675
395, 414, 3280.654, 1.9958944281524926, 2.0040078201368523
395, 416, 3300.751, 2.0079178885630498, 2.016080156402737
395, 422, 3321.03, 2.019941348973607, 2.0281524926686214
395, 428, 3340.6839999999997, 2.0319648093841645, 2.040224828934506
396, 436, 3360.735, 2.0439882697947214, 2.052297165200391
395, 441, 3380.6720000000005, 2.0560117302052787, 2.0643695014662753
397, 447, 3400.6659999999993, 2.0680351906158356, 2.07644183773216
400, 454, 3420.643, 2.080058651026393, 2.088514173998045
401, 458, 3440.835, 2.0920821114369503, 2.1005865102639296
408, 464, 3461.029, 2.1041055718475072, 2.112658846529814
418, 467, 3480.952, 2.1161290322580646, 2.124731182795699
426, 472, 3503.66, 2.1401759530791793, 2.1488758553274683
437, 476, 3520.6719999999996, 2.152199413489736, 2.160948191593353
450, 481, 3540.6770000000006, 2.1642228739002936, 2.1730205278592374
458, 480, 3560.7690000000007, 2.1762463343108505, 2.185092864125122
463, 481, 3580.634, 2.188269794721408, 2.197165200391007
469, 480, 3600.683, 2.200293255131965, 2.2092375366568917
469, 475, 3620.6309999999994, 2.212316715542522, 2.221309872922776
469, 471, 3640.6469999999995, 2.2243401759530794, 2.233382209188661
467, 473, 3660.686, 2.2363636363636368, 2.2454545454545456
466, 475, 3681.2529999999997, 2.2483870967741937, 2.25752688172043
461, 484, 3700.713, 2.260410557184751, 2.2695992179863147
458, 493, 3720.668999999999, 2.2631964809384164, 2.2816715542521995
456, 504, 3740.7459999999996, 2.2751710654936463, 2.293743890518084
457, 507, 3760.6230000000005, 2.287145650048876, 2.3058162267839686
459, 514, 3780.6730000000002, 2.2991202346041058, 2.3178885630498534
464, 513, 3800.668, 2.3110948191593352, 2.329960899315738
472, 515, 3820.8699999999994, 2.323069403714565, 2.3420332355816225
479, 516, 3840.641999999999, 2.3350439882697946, 2.3541055718475072
485, 522, 3860.7289999999994, 2.3470185728250246, 2.366177908113392
492, 523, 3880.6399999999994, 2.358993157380254, 2.3782502443792763
499, 530, 3900.72, 2.370967741935484, 2.390322580645161
504, 531, 3920.660999999999, 2.3829423264907135, 2.402394916911046
508, 534, 3940.657999999999, 2.3949169110459434, 2.4144672531769302
512, 536, 3960.9939999999997, 2.406891495601173, 2.426539589442815
516, 540, 3980.6679999999997, 2.418866080156403, 2.4386119257087
518, 541, 4000.7409999999995, 2.4308406647116323, 2.4506842619745846
519, 542, 4020.6160000000004, 2.442815249266862, 2.462756598240469
523, 541, 4040.609999999999, 2.4547898338220917, 2.4748289345063537
526, 543, 4061.076, 2.4667644183773216, 2.4869012707722384
527, 543, 4080.9440000000004, 2.478739002932551, 2.4989736070381228
530, 543, 4100.754, 2.490713587487781, 2.5110459433040075
532, 548, 4120.649, 2.502688172043011, 2.5231182795698928
532, 556, 4140.744999999999, 2.5146627565982405, 2.535190615835777
531, 561, 4160.688, 2.5266373411534704, 2.547262952101662
531, 568, 4180.6230000000005, 2.5386119257087, 2.5593352883675466
530, 576, 4200.747999999999, 2.55058651026393, 2.571407624633431
528, 584, 4220.693000000001, 2.5625610948191593, 2.5834799608993158
528, 587, 4241.035, 2.574535679374389, 2.5955522971652005
531, 591, 4260.663, 2.5865102639296187, 2.607624633431085
536, 593, 4280.681, 2.5984848484848486, 2.6196969696969696
544, 592, 4300.72, 2.610459433040078, 2.6317693059628544
557, 591, 4320.651999999999, 2.622434017595308, 2.643841642228739
569, 591, 4340.641, 2.6344086021505375, 2.6559139784946235
581, 589, 4360.669, 2.6463831867057674, 2.6679863147605083
590, 591, 4380.774, 2.670332355816227, 2.6812316715542526
597, 594, 4400.698, 2.6823069403714563, 2.6932551319648095
599, 600, 4420.602000000001, 2.6942815249266863, 2.705278592375367
596, 606, 4440.675, 2.7062561094819158, 2.7173020527859237
593, 615, 4460.704, 2.7182306940371457, 2.729325513196481
587, 619, 4481.158, 2.730205278592375, 2.7413489736070384
580, 626, 4503.795999999999, 2.742179863147605, 2.7533724340175953
577, 627, 4520.852, 2.7541544477028346, 2.7653958944281527
579, 630, 4540.668999999999, 2.7661290322580645, 2.7774193548387096
582, 633, 4560.76, 2.778103616813294, 2.789442815249267
590, 639, 4580.703999999999, 2.790078201368524, 2.8014662756598243
599, 644, 4600.6669999999995, 2.8020527859237534, 2.813489736070381
607, 648, 4620.659, 2.8140273704789833, 2.8255131964809386
615, 653, 4641.316999999999, 2.826001955034213, 2.8375366568914955
623, 656, 4660.753, 2.8379765395894427, 2.849560117302053
629, 659, 4680.712999999999, 2.849951124144672, 2.86158357771261
634, 660, 4700.886, 2.861925708699902, 2.873607038123167
638, 660, 4720.775999999999, 2.873900293255132, 2.885630498533725
641, 662, 4740.7339999999995, 2.885874877810362, 2.897653958944282
643, 661, 4760.695999999999, 2.8978494623655915, 2.909677419354839
645, 664, 4780.671, 2.9098240469208214, 2.921700879765396
647, 669, 4800.772999999999, 2.921798631476051, 2.9337243401759534
648, 679, 4821.076, 2.933773216031281, 2.9457478005865108
648, 686, 4841.359, 2.9457478005865103, 2.9577712609970677
646, 701, 4860.633999999999, 2.9577223851417402, 2.969794721407625
645, 708, 4880.6539999999995, 2.9696969696969697, 2.981818181818182
643, 712, 4900.684, 2.9816715542521997, 2.9938416422287393
643, 715, 4920.7029999999995, 2.993646138807429, 3.0058651026392966
645, 717, 4940.673000000001, 3.005620723362659, 3.0178885630498535
653, 710, 4960.941999999999, 3.0175953079178885, 3.029912023460411
663, 707, 4983.577, 3.0295698924731185, 3.041935483870968
677, 702, 5000.876, 3.041544477028348, 3.053958944281525
692, 702, 5020.816999999999, 3.053519061583578, 3.0659824046920825
703, 705, 5040.618, 3.0654936461388074, 3.0780058651026394
707, 712, 5060.661, 3.0774682306940373, 3.0900293255131968
707, 718, 5080.608, 3.089442815249267, 3.1020527859237537
701, 726, 5100.654, 3.1014173998044967, 3.114076246334311
691, 731, 5120.635, 3.113391984359726, 3.1260997067448684
683, 732, 5140.623, 3.125366568914956, 3.1381231671554253
680, 734, 5160.569, 3.1245356793743895, 3.1501466275659826
681, 738, 5181.335000000001, 3.1364613880742915, 3.1493157380254155
684, 742, 5200.678, 3.1483870967741936, 3.161290322580645
694, 745, 5220.665999999999, 3.160312805474096, 3.173264907135875
706, 749, 5240.598, 3.1841642228739007, 3.1972140762463344
713, 751, 5260.676, 3.1960899315738027, 3.209188660801564
721, 753, 5280.825999999999, 3.208015640273705, 3.2211632453567938
730, 752, 5300.613, 3.2199413489736073, 3.2331378299120233
732, 751, 5320.707, 3.2318670576735093, 3.245112414467253
734, 753, 5340.709000000001, 3.243792766373412, 3.2570869990224827
738, 758, 5360.717, 3.255718475073314, 3.2690615835777126
739, 764, 5380.725, 3.267644183773216, 3.281036168132942
738, 776, 5400.646, 3.2795698924731185, 3.293010752688172
737, 788, 5420.662, 3.2914956011730205, 3.3049853372434015
736, 793, 5440.946, 3.303421309872923, 3.3169599217986314
734, 796, 5461.233, 3.315347018572825, 3.328934506353861
730, 797, 5480.668, 3.327272727272727, 3.340909090909091
730, 793, 5500.823, 3.3391984359726297, 3.3528836754643203
736, 788, 5520.593999999999, 3.3511241446725317, 3.3648582600195502
746, 790, 5540.6759999999995, 3.3630498533724342, 3.3768328445747797
759, 792, 5561.012, 3.3749755620723363, 3.3888074291300097
775, 797, 5580.9800000000005, 3.3869012707722383, 3.400782013685239
788, 803, 5600.664999999999, 3.398826979472141, 3.412756598240469
795, 811, 5620.78, 3.410752688172043, 3.4247311827956985
795, 814, 5640.703, 3.4226783968719454, 3.4367057673509285
789, 822, 5660.753999999999, 3.4346041055718475, 3.448680351906158
778, 825, 5680.756, 3.4465298142717504, 3.4606549364613883
771, 831, 5700.951, 3.4584555229716525, 3.4726295210166183
769, 834, 5720.782999999999, 3.470381231671555, 3.4846041055718477
769, 842, 5740.710999999999, 3.482306940371457, 3.4965786901270777
776, 844, 5760.634, 3.4942326490713596, 3.508553274682307
789, 846, 5780.628, 3.5061583577712616, 3.520527859237537
801, 845, 5800.616, 3.5180840664711637, 3.5325024437927666
808, 846, 5820.669000000001, 3.530009775171066, 3.5444770283479965
818, 843, 5840.752, 3.5419354838709682, 3.556451612903226
824, 847, 5860.628000000001, 3.5538611925708707, 3.568426197458456
826, 856, 5880.701, 3.565786901270773, 3.5804007820136854
828, 868, 5900.7609999999995, 3.577712609970675, 3.5923753665689153
828, 878, 5920.849999999999, 3.5896383186705774, 3.604349951124145
824, 891, 5940.737, 3.6015640273704794, 3.6163245356793747
821, 893, 5960.689, 3.613489736070382, 3.628299120234604
821, 892, 5980.674000000001, 3.625415444770284, 3.640273704789834
814, 886, 6000.603, 3.637341153470186, 3.6522482893450636
815, 879, 6020.766999999999, 3.6492668621700886, 3.6642228739002936
823, 874, 6040.7390000000005, 3.6611925708699906, 3.676197458455523
835, 879, 6060.629000000001, 3.673118279569893, 3.688172043010753
848, 880, 6080.6810000000005, 3.685043988269795, 3.7001466275659824
865, 887, 6100.633999999999, 3.6969696969696972, 3.7121212121212124
875, 895, 6120.8279999999995, 3.720821114369502, 3.736070381231672
876, 900, 6141.254, 3.7327468230694043, 3.7480449657869013
869, 902, 6160.648, 3.7446725317693064, 3.760019550342131
858, 908, 6180.708, 3.7565982404692084, 3.7719941348973607
851, 914, 6200.654, 3.768523949169111, 3.7839687194525906
849, 918, 6220.881, 3.780449657869013, 3.79594330400782
851, 921, 6240.655000000001, 3.7923753665689155, 3.80791788856305
861, 918, 6260.634, 3.8043010752688176, 3.8198924731182795
873, 916, 6280.6630000000005, 3.8162267839687196, 3.8318670576735094
884, 916, 6301.000999999999, 3.828152492668622, 3.843841642228739
892, 921, 6320.762000000001, 3.840078201368524, 3.855816226783969
899, 929, 6340.679999999999, 3.8520039100684267, 3.8677908113391983
902, 941, 6360.5830000000005, 3.8639296187683287, 3.8797653958944283
902, 952, 6380.789999999999, 3.875855327468231, 3.8917399804496577
901, 955, 6400.957, 3.8877810361681333, 3.9037145650048877
897, 954, 6420.809, 3.8997067448680354, 3.915689149560117
891, 949, 6440.642000000001, 3.911632453567938, 3.927663734115347
886, 949, 6460.659999999999, 3.92355816226784, 3.9396383186705766
883, 943, 6480.6410000000005, 3.935483870967742, 3.9516129032258065
888, 951, 6500.758, 3.9474095796676445, 3.963587487781036
900, 957, 6520.6900000000005, 3.9593352883675466, 3.975562072336266
919, 963, 6540.639, 3.971260997067449, 3.9875366568914954
933, 966, 6560.582, 3.983186705767351, 3.9995112414467253
948, 978, 6580.598, 3.995112414467253, 4.011485826001955
948, 978, 6600.747, 3.990615835777126, 4.023460410557185
942, 985, 6620.839, 4.0024926686217, 4.018963831867058
930, 992, 6640.668999999999, 4.014369501466276, 4.03088954056696
925, 995, 6660.693, 4.0262463343108505, 4.042815249266862
921, 996, 6680.609, 4.038123167155425, 4.054740957966764
926, 999, 6700.690999999999, 4.05, 4.066666666666666
937, 998, 6720.614, 4.0618768328445745, 4.078592375366569
952, 1000, 6740.664000000001, 4.073753665689149, 4.090518084066471
966, 1009, 6760.635, 4.085630498533725, 4.1024437927663735
976, 1018, 6780.8150000000005, 4.097507331378299, 4.131231671554252
977, 1025, 6800.615000000001, 4.109384164222874, 4.143206256109481
979, 1027, 6820.629999999999, 4.1212609970674485, 4.155180840664712
975, 1027, 6840.686, 4.133137829912023, 4.167155425219941
966, 1022, 6860.659999999999, 4.145014662756598, 4.179130009775171
961, 1016, 6880.6759999999995, 4.156891495601172, 4.1911045943304
960, 1016, 6900.990999999999, 4.168768328445748, 4.2030791788856305
961, 1023, 6920.831, 4.180645161290323, 4.215053763440861
966, 1027, 6942.157, 4.192521994134898, 4.209775171065495
981, 1031, 6960.668, 4.204398826979473, 4.221700879765397
997, 1037, 6980.636, 4.228152492668622, 4.245552297165201
1013, 1041, 7001.0650000000005, 4.240029325513197, 4.257478005865103
1016, 1043, 7020.925, 4.251906158357771, 4.269403714565006
1014, 1052, 7040.639999999999, 4.263782991202347, 4.281329423264908
1003, 1053, 7060.6759999999995, 4.2756598240469215, 4.29325513196481
994, 1054, 7080.64, 4.287536656891496, 4.305180840664712
988, 1055, 7100.754, 4.299413489736071, 4.317106549364614
991, 1055, 7120.811, 4.311290322580645, 4.329032258064517
1003, 1059, 7140.704, 4.32316715542522, 4.340957966764419
1018, 1072, 7160.729, 4.335043988269795, 4.352883675464321
1027, 1082, 7181.165999999999, 4.34692082111437, 4.364809384164223
1036, 1088, 7200.690999999999, 4.358797653958945, 4.376735092864125
1040, 1092, 7220.606, 4.370674486803519, 4.388660801564028
1039, 1084, 7240.8330000000005, 4.364516129032258, 4.40058651026393
1033, 1078, 7260.603, 4.376344086021505, 4.412512218963832
1028, 1078, 7280.652999999999, 4.388172043010752, 4.4244379276637344
1024, 1081, 7300.618, 4.4, 4.4363636363636365
1024, 1090, 7320.776000000001, 4.411827956989248, 4.4482893450635395
1032, 1100, 7340.6050000000005, 4.423655913978495, 4.4602150537634415
1050, 1112, 7360.609, 4.435483870967742, 4.472140762463344
1069, 1114, 7380.673999999999, 4.447311827956989, 4.484066471163246
1082, 1120, 7400.6179999999995, 4.477565982404692, 4.495992179863148
1090, 1124, 7420.774999999999, 4.489442815249267, 4.507917888563051
1084, 1125, 7440.637000000001, 4.501319648093842, 4.519843597262953
1072, 1124, 7460.886, 4.513196480938417, 4.531769305962855
1063, 1134, 7480.969, 4.5250733137829915, 4.543695014662757
1063, 1134, 7500.643999999999, 4.536950146627566, 4.555620723362659
1067, 1134, 7520.823, 4.548826979472141, 4.567546432062562
1081, 1144, 7540.647, 4.560703812316715, 4.579472140762464
1099, 1153, 7560.615000000001, 4.553763440860215, 4.591397849462366
1110, 1147, 7580.592, 4.565591397849462, 4.603323558162268
1110, 1144, 7600.6900000000005, 4.577419354838709, 4.61524926686217
1113, 1143, 7620.620000000001, 4.589247311827957, 4.627174975562073
1106, 1142, 7640.627, 4.601075268817204, 4.639100684261975
1093, 1139, 7660.620999999999, 4.612903225806451, 4.651026392961877
1085, 1145, 7680.669, 4.624731182795698, 4.662952101661779
1087, 1154, 7700.771, 4.636559139784946, 4.674877810361681
1095, 1160, 7720.955, 4.648387096774194, 4.686803519061584
1112, 1164, 7741.213, 4.660215053763441, 4.698729227761486
1131, 1168, 7760.724, 4.672043010752688, 4.710654936461388
1143, 1175, 7780.616999999999, 4.683870967741935, 4.72258064516129
1145, 1174, 7800.689, 4.6956989247311824, 4.7345063538611925
1135, 1172, 7820.642, 4.70752688172043, 4.746432062561095
1124, 1172, 7840.677, 4.719354838709677, 4.7583577712609975
1116, 1176, 7866.558000000001, 4.743010752688171, 4.782209188660802
1118, 1184, 7880.726, 4.754838709677419, 4.794134897360704
1130, 1196, 7900.617, 4.766666666666667, 4.806060606060607
1146, 1205, 7920.656999999998, 4.778494623655914, 4.817986314760509
1158, 1207, 7940.6399999999985, 4.790322580645161, 4.829912023460411
1166, 1205, 7960.736000000001, 4.802150537634408, 4.841837732160313
1168, 1196, 7980.647999999998, 4.8139784946236555, 4.853763440860215
1162, 1197, 8000.674, 4.825806451612903, 4.865689149560118
1155, 1203, 8020.575000000001, 4.83763440860215, 4.87761485826002
1150, 1215, 8040.65, 4.849462365591397, 4.889540566959922
1148, 1225, 8060.772, 4.861290322580644, 4.881378299120234
1160, 1230, 8080.641, 4.873118279569892, 4.89325513196481
1178, 1235, 8100.604, 4.88494623655914, 4.905131964809384
1193, 1239, 8120.614, 4.896774193548387, 4.917008797653959
1204, 1237, 8140.659, 4.908602150537634, 4.928885630498534
1205, 1242, 8160.595000000001, 4.920430107526881, 4.940762463343108
1192, 1248, 8180.603999999998, 4.932258064516129, 4.952639296187684
1182, 1246, 8200.61, 4.944086021505377, 4.964516129032258
1177, 1255, 8220.573999999999, 4.955913978494624, 4.996871945259043
1180, 1264, 8241.122000000001, 4.967741935483871, 5.008797653958945
1194, 1260, 8260.559000000001, 4.979569892473118, 5.020723362658847
1211, 1257, 8280.635, 4.991397849462365, 5.032649071358749
1219, 1257, 8300.643, 5.003225806451613, 5.044574780058651
1223, 1251, 8320.685999999998, 5.015053763440861, 5.056500488758554
1218, 1248, 8340.75, 5.026881720430108, 5.068426197458456
1210, 1254, 8360.589000000002, 5.038709677419355, 5.080351906158358
1200, 1263, 8380.673000000003, 5.050537634408602, 5.071407624633432
1196, 1269, 8400.696, 5.06236559139785, 5.0832844574780065
1206, 1277, 8420.956, 5.074193548387097, 5.095161290322581
1224, 1285, 8440.926000000001, 5.086021505376344, 5.107038123167156
1239, 1286, 8461.884000000002, 5.097849462365591, 5.11891495601173
1248, 1285, 8480.561000000002, 5.109677419354838, 5.130791788856305
1247, 1287, 8500.772, 5.121505376344086, 5.14266862170088
1237, 1289, 8520.774, 5.133333333333334, 5.154545454545455
1223, 1296, 8540.639, 5.145161290322581, 5.16642228739003
1218, 1305, 8560.580999999998, 5.156989247311828, 5.1782991202346045
1224, 1310, 8580.617, 5.168817204301075, 5.190175953079179
1242, 1308, 8600.623, 5.180645161290323, 5.202052785923754
1254, 1303, 8620.636, 5.19247311827957, 5.213929618768328
1266, 1301, 8640.687, 5.204301075268817, 5.225806451612903
1270, 1304, 8660.601, 5.216129032258064, 5.2376832844574785
1263, 1313, 8680.571, 5.2279569892473114, 5.249560117302053
1251, 1328, 8700.686000000002, 5.239784946236559, 5.261436950146628
1246, 1334, 8720.690999999999, 5.263440860215054, 5.285190615835777
1249, 1338, 8740.970000000001, 5.275268817204301, 5.297067448680352
1264, 1341, 8760.788999999999, 5.287096774193548, 5.308944281524927
1285, 1340, 8780.684999999998, 5.298924731182796, 5.320821114369502
1297, 1338, 8800.847000000002, 5.310752688172043, 5.3326979472140765
1302, 1342, 8820.595999999998, 5.32258064516129, 5.344574780058651
1296, 1350, 8840.654, 5.334408602150537, 5.356451612903226
1284, 1357, 8860.587, 5.3462365591397845, 5.3462365591397845
1280, 1360, 8880.569999999998, 5.358064516129032, 5.358064516129032
1289, 1360, 8900.735, 5.36989247311828, 5.36989247311828
1302, 1356, 8920.619999999999, 5.381720430107527, 5.381720430107527
1320, 1352, 8940.624, 5.393548387096774, 5.393548387096774
1331, 1350, 8960.812, 5.405376344086021, 5.405376344086021
1329, 1353, 8980.918, 5.417204301075269, 5.417204301075269
1321, 1359, 9001.519999999999, 5.406598240469209, 5.429032258064516
1311, 1375, 9020.606999999998, 5.418377321603129, 5.440860215053763
1306, 1379, 9040.684, 5.430156402737048, 5.45268817204301
1311, 1382, 9060.635999999999, 5.441935483870968, 5.4645161290322575
1327, 1384, 9080.846999999998, 5.453714565004888, 5.476344086021505
1344, 1384, 9100.896999999999, 5.465493646138808, 5.488172043010753
1351, 1387, 9121.171, 5.4772727272727275, 5.5
1345, 1394, 9140.927999999998, 5.489051808406647, 5.511827956989247
1338, 1403, 9160.921999999999, 5.500830889540567, 5.523655913978494
1326, 1406, 9180.817000000001, 5.512609970674487, 5.535483870967742
1323, 1409, 9200.703999999998, 5.524389051808407, 5.547311827956989
1336, 1403, 9221.336999999998, 5.5361681329423265, 5.559139784946236
1352, 1402, 9240.724, 5.547947214076246, 5.570967741935483
1365, 1402, 9260.656, 5.559726295210166, 5.5827956989247305
1370, 1415, 9280.662, 5.571505376344086, 5.594623655913978
1367, 1430, 9300.625, 5.583284457478006, 5.606451612903226
1357, 1437, 9320.671999999999, 5.595063538611925, 5.618279569892473
1352, 1441, 9340.610999999999, 5.606842619745845, 5.63010752688172
1354, 1440, 9360.542, 5.618621700879765, 5.641935483870967
1371, 1435, 9380.606, 5.630400782013686, 5.653763440860215
1388, 1430, 9400.595, 5.6421798631476054, 5.665591397849462
1398, 1441, 9420.621000000001, 5.653958944281525, 5.67741935483871
1398, 1448, 9440.59, 5.665738025415445, 5.689247311827957
1391, 1453, 9460.619999999999, 5.677517106549366, 5.701075268817204
1384, 1450, 9481.220000000001, 5.6892961876832855, 5.712903225806452
1381, 1451, 9501.275, 5.701075268817205, 5.724731182795699
1391, 1446, 9520.724000000002, 5.712854349951125, 5.736559139784946
1409, 1444, 9540.682, 5.724633431085045, 5.748387096774193
1420, 1445, 9560.680999999999, 5.736412512218965, 5.760215053763441
1421, 1454, 9580.814, 5.748191593352884, 5.7720430107526886
1414, 1465, 9600.829999999998, 5.771749755620724, 5.795698924731183
1404, 1476, 9620.653, 5.783528836754644, 5.80752688172043
1399, 1475, 9640.695000000002, 5.795307917888564, 5.819354838709677
1410, 1476, 9660.630000000001, 5.807086999022483, 5.831182795698925
1425, 1480, 9680.655000000002, 5.818866080156403, 5.843010752688172
1439, 1487, 9700.752999999999, 5.830645161290323, 5.854838709677419
1441, 1490, 9721.325, 5.842424242424243, 5.866666666666666
1437, 1500, 9740.673999999999, 5.8542033235581625, 5.878494623655914
1424, 1503, 9760.646999999999, 5.865982404692082, 5.890322580645162
1421, 1501, 9780.676, 5.877761485826002, 5.902150537634409
1421, 1497, 9800.829, 5.889540566959922, 5.913978494623656
1438, 1502, 9820.953, 5.901319648093842, 5.925806451612903
1454, 1510, 9841.017000000002, 5.913098729227762, 5.93763440860215
1461, 1520, 9860.604, 5.924877810361682, 5.949462365591398
1455, 1528, 9880.980999999998, 5.936656891495602, 5.961290322580645
1450, 1535, 9900.65, 5.948435972629522, 5.973118279569892
1446, 1528, 9920.666999999998, 5.9602150537634415, 5.984946236559139
1455, 1521, 9940.666000000001, 5.971994134897361, 5.996774193548387
1473, 1526, 9960.653, 5.983773216031281, 6.008602150537635
1486, 1536, 9980.588000000002, 5.995552297165201, 6.020430107526882
1491, 1539, 10000.807999999999, 6.007331378299121, 6.032258064516129
1486, 1540, 10020.606000000002, 6.0191104594330405, 6.044086021505376
1474, 1540, 10040.658000000001, 6.03088954056696, 6.055913978494623
1468, 1537, 10060.63, 6.04266862170088, 6.067741935483871
1472, 1536, 10080.719, 6.0544477028348, 6.079569892473118
1487, 1535, 10100.6, 6.06622678396872, 6.091397849462365
1499, 1543, 10120.728, 6.052785923753666, 6.103225806451612
1506, 1555, 10140.801, 6.064516129032258, 6.11505376344086
1499, 1563, 10160.672999999999, 6.07624633431085, 6.126881720430108
1485, 1563, 10180.649, 6.087976539589443, 6.138709677419355
1481, 1565, 10200.871, 6.099706744868035, 6.150537634408602
1493, 1568, 10220.624000000002, 6.1114369501466275, 6.162365591397849
1506, 1576, 10240.677000000001, 6.12316715542522, 6.174193548387096
1517, 1584, 10260.580999999998, 6.134897360703812, 6.186021505376344
1522, 1584, 10280.570999999998, 6.146627565982405, 6.197849462365591
1514, 1584, 10300.584999999997, 6.158357771260997, 6.184017595307918
1509, 1587, 10320.754, 6.170087976539589, 6.195796676441838
1506, 1587, 10340.874, 6.181818181818182, 6.207575757575758
1516, 1585, 10360.622, 6.193548387096774, 6.219354838709678
1532, 1595, 10380.696, 6.205278592375366, 6.2311339198435975
1548, 1604, 10400.622, 6.217008797653959, 6.242913000977517
1544, 1615, 10420.698000000002, 6.228739002932551, 6.254692082111437
1536, 1609, 10440.594999999998, 6.2404692082111435, 6.266471163245357
1524, 1605, 10460.607, 6.263929618768328, 6.2900293255131965
1531, 1606, 10480.619999999999, 6.275659824046921, 6.301808406647116
1543, 1616, 10500.595000000001, 6.287390029325513, 6.313587487781036
1557, 1618, 10521.065, 6.299120234604105, 6.325366568914956
1564, 1619, 10540.965, 6.310850439882698, 6.337145650048876
1565, 1620, 10560.649000000001, 6.32258064516129, 6.348924731182795
1555, 1623, 10580.649999999998, 6.334310850439882, 6.360703812316715
1554, 1622, 10600.636999999999, 6.346041055718475, 6.372482893450635
1557, 1616, 10620.581999999999, 6.357771260997067, 6.384261974584556
1572, 1631, 10640.643, 6.3695014662756595, 6.3960410557184755
1586, 1642, 10660.858999999999, 6.381231671554252, 6.407820136852395
1587, 1649, 10680.609, 6.392961876832844, 6.419599217986315
1577, 1643, 10700.786999999998, 6.404692082111437, 6.431378299120235
1568, 1647, 10720.633, 6.416422287390029, 6.443157380254155
1566, 1654, 10740.618999999999, 6.428152492668621, 6.454936461388074
1580, 1663, 10760.653000000002, 6.439882697947214, 6.466715542521994
1591, 1660, 10780.607, 6.451612903225806, 6.478494623655914
1595, 1662, 10800.729000000001, 6.463343108504398, 6.490273704789834
1595, 1669, 10820.569, 6.475073313782991, 6.502052785923754
1592, 1666, 10840.687, 6.486803519061583, 6.513831867057673
1585, 1666, 10860.594, 6.4985337243401755, 6.525610948191593
1594, 1672, 10880.600999999999, 6.510263929618768, 6.537390029325513
1610, 1687, 10900.689, 6.52199413489736, 6.549169110459433
1626, 1688, 10920.591999999999, 6.533724340175953, 6.5609481915933525
1625, 1685, 10940.892999999998, 6.545454545454545, 6.572727272727272
1619, 1680, 10960.619999999999, 6.557184750733137, 6.584506353861192
1613, 1684, 10980.706000000002, 6.56891495601173, 6.596285434995112
1612, 1691, 11000.586, 6.580645161290322, 6.608064516129033
1626, 1695, 11020.636, 6.592375366568914, 6.619843597262952
1639, 1692, 11040.684, 6.604105571847507, 6.631622678396872
1640, 1694, 11060.623, 6.615835777126099, 6.643401759530792
1639, 1700, 11080.721000000001, 6.6275659824046915, 6.655180840664712
1637, 1695, 11100.574999999999, 6.639296187683284, 6.6669599217986315
1628, 1700, 11120.639999999998, 6.651026392961876, 6.678739002932551
1636, 1714, 11140.603, 6.662756598240469, 6.690518084066471
1649, 1726, 11160.574, 6.674486803519061, 6.702297165200391
1655, 1720, 11180.891, 6.686217008797653, 6.714076246334311
1650, 1721, 11200.959, 6.697947214076246, 6.7258553274682304
1643, 1728, 11220.622, 6.709677419354838, 6.73763440860215
1639, 1737, 11240.649000000001, 6.7214076246334304, 6.74941348973607
1653, 1736, 11260.739999999998, 6.733137829912023, 6.76119257086999
1666, 1738, 11281.159, 6.744868035190615, 6.77297165200391
1669, 1743, 11300.633999999998, 6.7565982404692075, 6.784750733137829
1669, 1739, 11320.525, 6.768328445747802, 6.796529814271751
1669, 1738, 11340.609999999999, 6.791788856304986, 6.8200879765395905
1663, 1743, 11360.647, 6.803519061583579, 6.83186705767351
1668, 1759, 11380.826, 6.815249266862171, 6.84364613880743
1687, 1764, 11400.589, 6.8269794721407635, 6.85542521994135
1701, 1760, 11420.645, 6.838709677419356, 6.86720430107527
1699, 1759, 11440.603, 6.850439882697948, 6.8789833822091895
1691, 1771, 11460.636999999999, 6.862170087976541, 6.890762463343109
1685, 1771, 11480.885, 6.873900293255133, 6.902541544477029
1693, 1766, 11500.946, 6.885630498533725, 6.914320625610949
1707, 1774, 11520.641999999998, 6.897360703812318, 6.926099706744869
1714, 1779, 11540.631999999998, 6.90909090909091, 6.937878787878788
1715, 1772, 11568.864999999998, 6.920821114369502, 6.949657869012708
1713, 1772, 11580.808, 6.932551319648095, 6.961436950146629
1710, 1788, 11600.596, 6.944281524926687, 6.973216031280549
1707, 1796, 11620.733000000002, 6.9560117302052795, 6.9849951124144685
1718, 1797, 11640.644999999999, 6.967741935483872, 6.996774193548388
1730, 1798, 11660.789, 6.979472140762464, 7.008553274682308
1729, 1806, 11680.682999999999, 6.991202346041057, 7.020332355816228
1716, 1813, 11700.590999999999, 7.002932551319649, 7.032111436950148
1715, 1815, 11720.787999999999, 6.985434995112414, 7.043890518084067
1728, 1813, 11740.811999999998, 6.997116324535679, 7.055669599217987
1737, 1819, 11760.606, 7.008797653958944, 7.067448680351907
1742, 1824, 11780.608999999999, 7.020478983382209, 7.079227761485827
1747, 1816, 11800.592999999999, 7.032160312805474, 7.091006842619747
1744, 1821, 11820.720000000001, 7.043841642228739, 7.102785923753666
1741, 1835, 11840.597, 7.055522971652004, 7.114565004887586
1744, 1836, 11860.605, 7.067204301075269, 7.126344086021506
1761, 1825, 11880.648000000001, 7.078885630498534, 7.138123167155426
1768, 1831, 11900.679, 7.090566959921799, 7.1499022482893455
1767, 1844, 11921.060999999998, 7.102248289345064, 7.161681329423265
1757, 1842, 11940.587000000001, 7.113929618768329, 7.173460410557185
1761, 1838, 11960.637999999999, 7.125610948191593, 7.185239491691106
1772, 1847, 11980.615, 7.137292277614858, 7.1970185728250256
1782, 1849, 12000.996999999998, 7.148973607038123, 7.208797653958945
1783, 1842, 12020.966999999999, 7.160654936461388, 7.220576735092865
1787, 1846, 12040.583000000002, 7.172336265884653, 7.232355816226785
1784, 1866, 12060.659000000001, 7.1840175953079175, 7.244134897360705
1778, 1868, 12080.614000000001, 7.1956989247311824, 7.2559139784946245
1784, 1868, 12100.805, 7.207380254154447, 7.267693059628544
1799, 1872, 12120.601999999999, 7.219061583577712, 7.279472140762464
1797, 1887, 12140.564000000002, 7.230742913000977, 7.291251221896384
1788, 1883, 12160.801, 7.242424242424242, 7.303030303030304
1783, 1883, 12181.270000000002, 7.254105571847507, 7.314809384164223
1797, 1885, 12200.590999999999, 7.277468230694037, 7.338367546432063
1804, 1888, 12220.695, 7.289149560117302, 7.319648093841643
1811, 1882, 12240.642999999998, 7.300830889540567, 7.331378299120235
1815, 1884, 12260.631, 7.312512218963832, 7.343108504398828
1817, 1898, 12280.598000000002, 7.324193548387097, 7.35483870967742
1812, 1902, 12300.712000000001, 7.335874877810362, 7.366568914956012
1821, 1894, 12320.684, 7.347556207233627, 7.378299120234605
1833, 1902, 12340.599, 7.359237536656891, 7.390029325513197
1844, 1913, 12360.623, 7.401759530791789, 7.401759530791789
1840, 1912, 12380.679999999998, 7.413489736070382, 7.413489736070382
1829, 1909, 12400.596, 7.425219941348974, 7.425219941348974
1838, 1923, 12420.663, 7.4369501466275665, 7.4369501466275665
1846, 1920, 12440.811, 7.448680351906159, 7.448680351906159
1849, 1911, 12460.601, 7.460410557184751, 7.460410557184751
1852, 1919, 12480.667000000001, 7.472140762463344, 7.472140762463344
1858, 1936, 12500.614, 7.483870967741936, 7.483870967741936
1852, 1935, 12520.534999999998, 7.464369501466275, 7.495601173020528
1853, 1938, 12540.562999999998, 7.47605083088954, 7.507331378299121
1862, 1954, 12560.532, 7.487732160312805, 7.519061583577713
1871, 1961, 12580.708999999999, 7.49941348973607, 7.530791788856305
1865, 1949, 12600.6, 7.511094819159335, 7.542521994134898
1855, 1952, 12620.639000000001, 7.5227761485826, 7.55425219941349
1864, 1955, 12640.529, 7.534457478005865, 7.5659824046920825
1872, 1950, 12660.639, 7.54613880742913, 7.577712609970675
1877, 1944, 12680.776000000002, 7.557820136852395, 7.589442815249267
1880, 1961, 12700.902, 7.56950146627566, 7.60117302052786
1884, 1967, 12720.994, 7.581182795698925, 7.612903225806452
1882, 1961, 12740.539999999999, 7.592864125122189, 7.624633431085044
1886, 1970, 12760.818000000001, 7.604545454545454, 7.636363636363637
1894, 1981, 12781.127999999999, 7.6162267839687185, 7.648093841642229
1901, 1979, 12800.629, 7.6279081133919835, 7.659824046920821
1900, 1973, 12820.581, 7.639589442815248, 7.671554252199414
1893, 1983, 12840.553, 7.619257086999022, 7.683284457478006
1899, 1984, 12860.634000000002, 7.63088954056696, 7.6950146627565985
1909, 1983, 12880.688, 7.642521994134897, 7.706744868035191
1912, 1991, 12900.590000000002, 7.654154447702835, 7.718475073313783
1914, 2007, 12920.621000000001, 7.6657869012707724, 7.730205278592376
1917, 2008, 12940.625, 7.67741935483871, 7.741935483870968
1917, 2006, 12960.666, 7.6890518084066475, 7.75366568914956
1915, 2018, 12981.031, 7.700684261974584, 7.765395894428153
1928, 2022, 13000.730999999998, 7.712316715542522, 7.777126099706745
1929, 2011, 13020.592999999999, 7.723949169110459, 7.788856304985337
1923, 2012, 13040.645999999999, 7.735581622678397, 7.80058651026393
1923, 2020, 13060.785, 7.747214076246334, 7.812316715542522
1935, 2009, 13080.573, 7.770478983382209, 7.835777126099707
1939, 2012, 13100.577000000001, 7.782111436950147, 7.847507331378299
1944, 2025, 13120.581999999999, 7.793743890518084, 7.859237536656892
1952, 2028, 13140.576, 7.805376344086022, 7.870967741935484
1954, 2030, 13160.771, 7.817008797653959, 7.882697947214076
1952, 2045, 13180.585000000001, 7.828641251221896, 7.894428152492669
1958, 2045, 13200.627, 7.840273704789833, 7.906158357771261
1968, 2040, 13220.528000000002, 7.851906158357771, 7.9178885630498534
1965, 2047, 13240.818000000001, 7.8635386119257085, 7.929618768328446
1960, 2049, 13260.829000000002, 7.875171065493646, 7.941348973607038
1971, 2047, 13280.596, 7.8868035190615835, 7.9530791788856305
1976, 2055, 13300.557, 7.898435972629521, 7.964809384164223
1976, 2067, 13320.612000000001, 7.9100684261974585, 7.976539589442815
1981, 2069, 13340.609, 7.921700879765396, 7.954985337243401
1986, 2072, 13360.835000000001, 7.933333333333334, 7.966666666666666
1981, 2081, 13380.605, 7.94496578690127, 7.978347996089931
1983, 2081, 13400.585, 7.956598240469208, 7.990029325513196
1991, 2075, 13420.646, 7.968230694037145, 8.00171065493646
1994, 2077, 13440.69, 7.979863147605083, 8.013391984359725
1988, 2084, 13460.539999999999, 7.99149560117302, 8.02507331378299
1994, 2071, 13480.695000000002, 8.003128054740957, 8.036754643206255
2003, 2079, 13501.237, 8.014760508308894, 8.082111436950147
2006, 2091, 13520.923, 8.026392961876832, 8.093841642228739
2009, 2092, 13540.847, 8.03802541544477, 8.105571847507331
2020, 2090, 13560.624999999998, 8.049657869012707, 8.117302052785924
2021, 2112, 13580.593, 8.061290322580644, 8.129032258064516
2020, 2106, 13600.576000000001, 8.072922776148582, 8.140762463343108
2026, 2099, 13620.626999999999, 8.08455522971652, 8.1524926686217
2030, 2113, 13640.779999999999, 8.096187683284457, 8.164222873900293
2027, 2113, 13660.559, 8.107820136852395, 8.14188660801564
2027, 2107, 13680.617000000002, 8.119452590420332, 8.153567937438904
2037, 2118, 13700.553, 8.13108504398827, 8.165249266862169
2036, 2129, 13720.667, 8.142717497556207, 8.176930596285434
2039, 2125, 13740.524999999998, 8.154349951124145, 8.188611925708699
2045, 2138, 13761.221, 8.165982404692082, 8.200293255131964
2050, 2141, 13780.587999999998, 8.17761485826002, 8.211974584555229
2048, 2131, 13800.701000000001, 8.189247311827957, 8.223655913978495
2054, 2132, 13820.778, 8.200879765395895, 8.200879765395895
2054, 2138, 13840.630000000001, 8.212512218963832, 8.212512218963832
2052, 2135, 13860.579999999998, 8.22414467253177, 8.22414467253177
2058, 2134, 13880.612, 8.235777126099707, 8.235777126099707
2064, 2145, 13900.601999999999, 8.247409579667645, 8.247409579667645
2064, 2147, 13920.635, 8.259042033235582, 8.259042033235582
2070, 2148, 13940.587000000001, 8.282306940371457, 8.282306940371457
2081, 2161, 13960.674, 8.293939393939395, 8.293939393939395
2081, 2165, 13980.633000000002, 8.305571847507332, 8.340469208211143
2081, 2158, 14000.778, 8.31720430107527, 8.352150537634408
2085, 2170, 14020.571, 8.328836754643207, 8.363831867057673
2090, 2175, 14040.914, 8.340469208211145, 8.375513196480938
2086, 2168, 14060.612, 8.352101661779082, 8.387194525904203
2095, 2177, 14080.645, 8.36373411534702, 8.398875855327468
2101, 2190, 14100.829999999998, 8.375366568914957, 8.410557184750733
2099, 2184, 14120.621, 8.386999022482895, 8.422238514173998
2099, 2200, 14140.608, 8.398631476050832, 8.433919843597263
2111, 2205, 14160.598, 8.410263929618768, 8.445601173020528
2110, 2193, 14180.630000000001, 8.421896383186706, 8.457282502443793
2107, 2188, 14200.669999999998, 8.433528836754643, 8.468963831867057
2113, 2202, 14220.573999999999, 8.44516129032258, 8.480645161290322
2116, 2189, 14240.576999999997, 8.456793743890518, 8.492326490713587
2115, 2195, 14260.981000000002, 8.468426197458456, 8.504007820136852
2130, 2207, 14281.351999999999, 8.44442815249267, 8.515689149560117
2129, 2210, 14300.605000000001, 8.45601173020528, 8.527370478983382
2126, 2213, 14320.633000000002, 8.46759530791789, 8.539051808406647
2133, 2232, 14340.615, 8.4791788856305, 8.550733137829912
2150, 2222, 14360.581, 8.49076246334311, 8.562414467253177
2141, 2217, 14380.814, 8.50234604105572, 8.574095796676442
2145, 2231, 14400.680000000002, 8.51392961876833, 8.585777126099707
2147, 2238, 14420.563000000002, 8.52551319648094, 8.597458455522972
2149, 2230, 14440.639000000001, 8.573118279569893, 8.609139784946237
2147, 2241, 14460.660999999998, 8.584750733137831, 8.584750733137831
2158, 2250, 14480.605000000001, 8.596383186705769, 8.596383186705769
2152, 2248, 14500.539, 8.608015640273706, 8.608015640273706
2153, 2252, 14520.639, 8.619648093841644, 8.619648093841644
2164, 2250, 14540.965, 8.631280547409581, 8.631280547409581
2169, 2242, 14561.055, 8.642913000977517, 8.642913000977517
2161, 2250, 14580.704999999998, 8.654545454545454, 8.654545454545454
2169, 2252, 14600.625, 8.62976539589443, 8.666177908113392
2174, 2247, 14620.656, 8.64134897360704, 8.67781036168133
2175, 2261, 14640.629, 8.65293255131965, 8.689442815249267
2184, 2268, 14660.736, 8.66451612903226, 8.701075268817204
2192, 2267, 14680.632, 8.67609970674487, 8.712707722385142
2184, 2284, 14700.623, 8.68768328445748, 8.72434017595308
2192, 2280, 14720.624000000002, 8.69926686217009, 8.735972629521017
2203, 2270, 14740.745, 8.7108504398827, 8.747605083088954
2207, 2280, 14760.580000000002, 8.72243401759531, 8.759237536656892
2197, 2293, 14780.650000000001, 8.734017595307918, 8.77086999022483
2201, 2284, 14801.207000000002, 8.745601173020528, 8.782502443792767
2201, 2293, 14820.636, 8.768768328445748, 8.805767350928642
2215, 2297, 14840.768, 8.780351906158359, 8.81739980449658
2216, 2300, 14860.613999999998, 8.791935483870969, 8.829032258064517
2212, 2305, 14880.596000000001, 8.803519061583579, 8.840664711632455
2215, 2306, 14900.583, 8.815102639296189, 8.852297165200392
2228, 2299, 14920.604999999998, 8.826686217008799, 8.86392961876833
2224, 2310, 14940.614, 8.838269794721409, 8.875562072336265
2226, 2312, 14969.714, 8.84985337243402, 8.887194525904203
2228, 2312, 14986.219, 8.86143695014663, 8.89882697947214
2234, 2321, 15001.981, 8.87302052785924, 8.910459433040078
2242, 2325, 15020.501, 8.88460410557185, 8.922091886608015
2254, 2332, 15040.717999999999, 8.896187683284458, 8.933724340175953
2242, 2345, 15060.611, 8.907771260997068, 8.94535679374389
2245, 2335, 15080.552999999998, 8.919354838709678, 8.956989247311828
2260, 2330, 15100.445, 8.930938416422288, 8.968621700879766
2268, 2348, 15120.514, 8.942521994134898, 8.980254154447703
2257, 2350, 15140.484999999999, 8.954105571847508, 8.99188660801564
2256, 2344, 15160.547, 8.965689149560118, 9.003519061583578
2261, 2358, 15180.578000000001, 8.977272727272728, 9.015151515151516
2265, 2356, 15200.586000000001, 8.988856304985338, 9.026783968719453
2275, 2363, 15220.481, 9.000439882697949, 9.03841642228739
2267, 2365, 15240.739999999998, 9.012023460410559, 9.050048875855328
2267, 2358, 15260.566, 9.023607038123169, 9.061681329423266
2280, 2355, 15280.631, 9.035190615835779, 9.073313782991203
2286, 2366, 15300.502000000002, 9.046774193548387, 9.08494623655914
2278, 2363, 15320.509999999998, 9.058357771260997, 9.096578690127078
2278, 2366, 15340.495, 9.069941348973607, 9.108211143695014
2290, 2378, 15360.488, 9.081524926686217, 9.119843597262951
2298, 2381, 15380.596999999998, 9.093108504398828, 9.131476050830889
2308, 2396, 15400.464, 9.104692082111438, 9.143108504398826
2296, 2395, 15420.589, 9.116275659824048, 9.154740957966764
2299, 2389, 15440.532000000001, 9.127859237536658, 9.166373411534702
2309, 2395, 15460.601, 9.139442815249268, 9.178005865102639
2316, 2401, 15480.702000000001, 9.151026392961878, 9.189638318670577
2311, 2397, 15500.484, 9.162609970674488, 9.201270772238514
2309, 2401, 15520.579000000002, 9.174193548387098, 9.212903225806452
2310, 2401, 15540.880000000001, 9.185777126099708, 9.22453567937439
2323, 2409, 15560.593, 9.197360703812318, 9.236168132942327
2326, 2415, 15580.614000000001, 9.208944281524927, 9.208944281524927
2311, 2404, 15600.524, 9.220527859237537, 9.220527859237537
2319, 2404, 15620.539, 9.232111436950147, 9.232111436950147
2337, 2417, 15640.560000000001, 9.243695014662757, 9.243695014662757
2336, 2414, 15660.74, 9.255278592375367, 9.255278592375367
2333, 2418, 15680.506999999998, 9.278445747800587, 9.278445747800587
2332, 2426, 15700.655999999999, 9.290029325513197, 9.290029325513197
2344, 2431, 15720.87, 9.301612903225807, 9.301612903225807
2358, 2444, 15740.839000000002, 9.313196480938418, 9.3524926686217
2360, 2444, 15760.676, 9.324780058651028, 9.364125122189638
2345, 2437, 15780.581000000002, 9.336363636363638, 9.375757575757575
2361, 2451, 15800.864999999998, 9.347947214076248, 9.387390029325513
2373, 2452, 15820.569, 9.359530791788856, 9.39902248289345
2369, 2448, 15840.703999999998, 9.371114369501466, 9.410654936461388
2361, 2456, 15860.55, 9.382697947214076, 9.422287390029325
2367, 2456, 15880.536, 9.35464320625611, 9.433919843597263
2371, 2464, 15900.521, 9.366177908113393, 9.405865102639297
2381, 2471, 15920.608999999999, 9.377712609970674, 9.417448680351907
2376, 2458, 15940.634, 9.389247311827956, 9.429032258064517
2369, 2461, 15960.599999999999, 9.40078201368524, 9.440615835777127
2382, 2473, 15980.501, 9.412316715542522, 9.452199413489737
2397, 2468, 16000.582999999999, 9.423851417399804, 9.463782991202347
2391, 2477, 16020.488000000001, 9.435386119257087, 9.475366568914957
2387, 2484, 16040.575, 9.44692082111437, 9.486950146627567
2394, 2492, 16060.814, 9.458455522971652, 9.498533724340177
2410, 2505, 16080.578, 9.469990224828935, 9.510117302052787
2415, 2499, 16100.636999999999, 9.481524926686218, 9.521700879765396
2399, 2491, 16120.617, 9.493059628543499, 9.533284457478006
2405, 2509, 16140.522999999997, 9.504594330400781, 9.544868035190616
2427, 2506, 16160.729, 9.516129032258064, 9.556451612903226
2423, 2504, 16180.547, 9.527663734115347, 9.568035190615836
2413, 2504, 16200.536, 9.53919843597263, 9.579618768328446
2414, 2512, 16220.648000000001, 9.550733137829912, 9.591202346041056
2420, 2518, 16240.588, 9.562267839687195, 9.602785923753666
2433, 2513, 16260.507, 9.573802541544477, 9.614369501466276
2427, 2504, 16280.501999999999, 9.58533724340176, 9.625953079178887
2416, 2521, 16300.622999999998, 9.596871945259043, 9.637536656891497
2435, 2523, 16321.25, 9.608406647116325, 9.649120234604107
2450, 2517, 16340.532, 9.619941348973608, 9.660703812316717
2443, 2524, 16360.817000000001, 9.63147605083089, 9.672287390029327
2441, 2540, 16381.578999999998, 9.643010752688173, 9.683870967741937
2448, 2547, 16400.99, 9.654545454545456, 9.695454545454547
2466, 2545, 16420.501, 9.666080156402739, 9.707038123167157
2463, 2545, 16440.537, 9.677614858260021, 9.718621700879767
2449, 2553, 16460.763, 9.689149560117302, 9.730205278592377
2456, 2544, 16480.556, 9.700684261974585, 9.741788856304987
2479, 2547, 16500.74, 9.712218963831868, 9.753372434017598
2474, 2548, 16520.535, 9.682551319648095, 9.764956011730208
2462, 2549, 16540.629, 9.69403714565005, 9.776539589442818
2464, 2564, 16560.729, 9.717008797653959, 9.799706744868036
2478, 2564, 16580.954999999998, 9.728494623655914, 9.811290322580646
2486, 2559, 16600.851, 9.73998044965787, 9.822873900293256
2469, 2570, 16620.515, 9.751466275659824, 9.834457478005866
2477, 2575, 16640.514, 9.76295210166178, 9.846041055718477
2500, 2573, 16660.592, 9.774437927663735, 9.857624633431087
2507, 2589, 16680.549, 9.827565982404693, 9.869208211143697
2492, 2593, 16700.483, 9.839100684261975, 9.880791788856307
2495, 2605, 16720.656, 9.850635386119258, 9.892375366568917
2505, 2605, 16740.857, 9.86217008797654, 9.903958944281527
2520, 2595, 16760.605, 9.873704789833823, 9.915542521994137
2506, 2596, 16780.612, 9.885239491691106, 9.927126099706747
2501, 2597, 16800.475, 9.896774193548389, 9.938709677419357
2520, 2595, 16820.519, 9.908308895405671, 9.950293255131966
2534, 2598, 16840.668999999998, 9.919843597262952, 9.961876832844576
2513, 2611, 16860.941, 9.931378299120235, 9.973460410557186
2509, 2621, 16880.681, 9.942913000977518, 9.985043988269796
2522, 2616, 16900.596, 9.9544477028348, 9.996627565982406
2541, 2612, 16920.661, 9.965982404692083, 10.008211143695016
2526, 2622, 16942.222999999998, 9.977517106549366, 10.019794721407626
2521, 2621, 16960.598, 9.989051808406648, 10.031378299120236
2546, 2623, 16980.691, 10.00058651026393, 10.042961876832846
2563, 2640, 17000.545, 10.012121212121214, 10.054545454545456
2546, 2648, 17020.709, 10.023655913978496, 10.066129032258067
2538, 2656, 17040.66, 10.035190615835779, 10.077712609970677
2554, 2648, 17061.126, 10.04672531769306, 10.089296187683287
2565, 2638, 17080.523, 10.058260019550342, 10.100879765395895
2554, 2635, 17100.534, 10.069794721407625, 10.112463343108505
2545, 2644, 17120.78, 10.081329423264908, 10.124046920821115
2567, 2635, 17141.036, 10.09286412512219, 10.135630498533725
2583, 2645, 17160.764, 10.06158357771261, 10.147214076246335
2566, 2663, 17180.736, 10.073069403714566, 10.115933528836756
2555, 2665, 17200.821, 10.08455522971652, 10.127468230694038
2568, 2653, 17220.614999999998, 10.096041055718475, 10.139002932551321
2586, 2660, 17240.737, 10.10752688172043, 10.150537634408604
2575, 2665, 17260.854, 10.119012707722385, 10.162072336265885
2571, 2666, 17280.548, 10.13049853372434, 10.173607038123167
2595, 2674, 17300.591999999997, 10.141984359726296, 10.18514173998045
2613, 2687, 17320.512000000002, 10.196676441837733, 10.196676441837733
2597, 2700, 17340.579999999998, 10.208211143695015, 10.251466275659826
2584, 2699, 17360.793999999998, 10.219745845552298, 10.263049853372435
2598, 2686, 17381.23, 10.23128054740958, 10.274633431085045
2614, 2683, 17400.638, 10.242815249266863, 10.286217008797655
2595, 2685, 17420.57, 10.265884652981429, 10.309384164222875
2588, 2687, 17440.573, 10.27741935483871, 10.320967741935485
2612, 2686, 17460.767999999996, 10.288954056695992, 10.332551319648095
2629, 2708, 17480.726000000002, 10.256842619745846, 10.344134897360705
2607, 2720, 17500.751999999997, 10.2683284457478, 10.312023460410558
2604, 2713, 17520.619, 10.279814271749755, 10.32355816226784
2631, 2708, 17540.592, 10.29130009775171, 10.335092864125123
2639, 2722, 17560.636, 10.302785923753666, 10.346627565982406
2619, 2722, 17580.54, 10.314271749755621, 10.358162267839688
2626, 2723, 17600.556, 10.325757575757576, 10.369696969696971
2655, 2730, 17620.608999999997, 10.337243401759531, 10.381231671554254
2656, 2748, 17641.143, 10.348729227761487, 10.392766373411535
2637, 2743, 17660.865999999998, 10.36021505376344, 10.448387096774194
2639, 2732, 17680.854, 10.371700879765395, 10.459970674486804
2660, 2731, 17700.635, 10.38318670576735, 10.471554252199414
2657, 2736, 17720.932, 10.394672531769306, 10.483137829912025
2637, 2733, 17740.495, 10.406158357771261, 10.494721407624635
2651, 2732, 17760.684, 10.417644183773216, 10.506304985337245
2673, 2756, 17781.023999999998, 10.429130009775172, 10.517888563049855
2666, 2761, 17800.555, 10.440615835777127, 10.529472140762465
2647, 2755, 17820.724, 10.45210166177908, 10.496578690127079
2665, 2752, 17840.606, 10.463587487781036, 10.50811339198436
2688, 2765, 17861.045000000002, 10.47507331378299, 10.519648093841642
2676, 2760, 17881.156, 10.486559139784946, 10.531182795698925
2666, 2761, 17900.583000000002, 10.498044965786901, 10.542717497556207
2690, 2779, 17920.663999999997, 10.509530791788857, 10.55425219941349
2703, 2790, 17940.6, 10.521016617790812, 10.565786901270773
2683, 2781, 17960.537, 10.532502443792767, 10.577321603128055
2679, 2777, 17980.567, 10.54398826979472, 10.588856304985338
2697, 2777, 18000.641, 10.555474095796676, 10.60039100684262
2706, 2780, 18020.731, 10.566959921798631, 10.611925708699903
2682, 2774, 18040.593999999997, 10.578445747800586, 10.623460410557184
2683, 2786, 18060.638000000003, 10.589931573802541, 10.634995112414467
2716, 2801, 18080.527, 10.601417399804497, 10.64652981427175
2716, 2806, 18100.693, 10.612903225806452, 10.658064516129032
2698, 2794, 18120.698999999997, 10.624389051808407, 10.669599217986315
2711, 2799, 18140.619000000002, 10.63587487781036, 10.681133919843598
2736, 2803, 18160.587, 10.647360703812316, 10.69266862170088
2723, 2805, 18180.551, 10.658846529814271, 10.704203323558163
2709, 2798, 18200.641, 10.670332355816226, 10.715738025415446
2730, 2821, 18220.63, 10.681818181818182, 10.727272727272728
2747, 2823, 18240.658, 10.693304007820137, 10.73880742913001
2731, 2816, 18260.577999999998, 10.704789833822092, 10.750342130987292
2725, 2808, 18280.637, 10.716275659824047, 10.761876832844575
2742, 2820, 18300.557999999997, 10.739247311827956, 10.78494623655914
2753, 2817, 18320.555, 10.750733137829911, 10.796480938416423
2734, 2811, 18340.544, 10.762218963831867, 10.808015640273705
2735, 2831, 18360.713, 10.773704789833822, 10.819550342130988
2760, 2844, 18381.268, 10.785190615835777, 10.83108504398827
2768, 2835, 18400.713, 10.796676441837732, 10.842619745845553
2745, 2836, 18420.593, 10.808162267839688, 10.854154447702834
2757, 2845, 18440.604, 10.819648093841641, 10.865689149560117
2788, 2853, 18460.574, 10.831133919843596, 10.8772238514174
2772, 2837, 18480.569, 10.842619745845552, 10.888758553274682
2761, 2854, 18500.602, 10.854105571847507, 10.900293255131965
2783, 2869, 18520.725, 10.865591397849462, 10.911827956989248
2800, 2859, 18540.599000000002, 10.877077223851417, 10.92336265884653
2774, 2853, 18560.662999999997, 10.888563049853373, 10.934897360703813
2767, 2862, 18580.662, 10.900048875855328, 10.946432062561096
2793, 2872, 18600.482, 10.911534701857281, 10.957966764418378
2796, 2860, 18620.605, 10.923020527859236, 10.96950146627566
2774, 2871, 18640.826, 10.934506353861192, 10.981036168132942
2788, 2886, 18660.594, 10.945992179863147, 10.992570869990224
2818, 2886, 18680.716, 10.957478005865102, 11.004105571847507
2809, 2876, 18700.631999999998, 10.968963831867057, 11.01564027370479
2791, 2885, 18720.588, 10.980449657869013, 11.027174975562072
2814, 2894, 18740.587000000003, 10.991935483870968, 11.038709677419355
2833, 2888, 18760.572, 11.003421309872921, 11.050244379276638
2811, 2887, 18780.777000000002, 11.014907135874877, 11.014907135874877
2810, 2908, 18800.625, 11.026392961876834, 11.026392961876834
2836, 2896, 18820.619000000002, 11.037878787878789, 11.037878787878789
2840, 2895, 18840.616, 11.049364613880744, 11.049364613880744
2810, 2898, 18860.636, 11.0608504398827, 11.0608504398827
2824, 2907, 18880.76, 11.072336265884653, 11.072336265884653
2846, 2907, 18900.532, 11.083822091886608, 11.083822091886608
2832, 2908, 18921.207, 11.04809384164223, 11.095307917888563
2825, 2931, 18940.588, 11.059530791788855, 11.106793743890519
2845, 2920, 18960.629999999997, 11.070967741935483, 11.118279569892474
2860, 2922, 18980.763, 11.082404692082111, 11.12976539589443
2837, 2921, 19000.619, 11.093841642228739, 11.141251221896384
2840, 2937, 19020.575, 11.105278592375367, 11.152737047898338
2868, 2923, 19040.641, 11.116715542521995, 11.164222873900293
2865, 2930, 19060.557, 11.128152492668622, 11.175708699902248
2845, 2946, 19080.711, 11.139589442815248, 11.187194525904204
2869, 2939, 19100.649, 11.151026392961876, 11.198680351906159
2887, 2936, 19120.574999999997, 11.162463343108504, 11.210166177908114
2860, 2944, 19140.563000000002, 11.173900293255132, 11.22165200391007
2849, 2952, 19160.799, 11.196774193548388, 11.24462365591398
2883, 2950, 19180.872, 11.208211143695014, 11.256109481915933
2879, 2957, 19200.599000000002, 11.219648093841641, 11.267595307917889
2859, 2976, 19220.544, 11.23108504398827, 11.279081133919844
2878, 2969, 19240.66, 11.242521994134897, 11.290566959921799
2910, 2970, 19260.98, 11.253958944281525, 11.302052785923754
2891, 2968, 19280.583, 11.265395894428153, 11.31353861192571
2877, 2980, 19300.518, 11.27683284457478, 11.325024437927665
2912, 2967, 19320.613, 11.288269794721407, 11.336510263929618
2914, 2969, 19340.617, 11.299706744868034, 11.347996089931573
2888, 2990, 19360.606999999996, 11.311143695014662, 11.359481915933529
2903, 2982, 19380.572, 11.32258064516129, 11.370967741935484
2924, 2977, 19400.567, 11.334017595307918, 11.38245356793744
2907, 2984, 19420.774999999998, 11.345454545454546, 11.393939393939394
2888, 2998, 19440.928, 11.356891495601174, 11.40542521994135
2917, 2982, 19460.735, 11.3683284457478, 11.416911045943305
2925, 3003, 19480.657, 11.379765395894427, 11.42839687194526
2906, 3021, 19500.641, 11.391202346041055, 11.439882697947214
2916, 3011, 19520.527000000002, 11.402639296187683, 11.451368523949169
2952, 3008, 19540.545000000002, 11.41407624633431, 11.462854349951124
2942, 3017, 19560.666, 11.425513196480939, 11.47434017595308
2926, 3021, 19580.614, 11.436950146627565, 11.485826001955035
2959, 3001, 19600.542, 11.448387096774193, 11.49731182795699
2969, 3018, 19620.532, 11.45982404692082, 11.508797653958945
2943, 3028, 19640.626, 11.471260997067448, 11.520283479960899
2956, 3018, 19660.556, 11.482697947214076, 11.531769305962854
2980, 3016, 19680.638, 11.494134897360704, 11.54325513196481
2962, 3024, 19700.815, 11.505571847507332, 11.554740957966764
2939, 3037, 19720.574, 11.517008797653958, 11.56622678396872
2972, 3027, 19740.766, 11.528445747800586, 11.577712609970675
2979, 3053, 19760.611999999997, 11.539882697947213, 11.58919843597263
2952, 3050, 19780.603, 11.551319648093841, 11.600684261974585
2966, 3053, 19800.557999999997, 11.562756598240469, 11.61217008797654
2998, 3043, 19820.515, 11.574193548387097, 11.623655913978494
2973, 3048, 19840.64, 11.585630498533725, 11.63514173998045
2952, 3044, 19860.561, 11.59706744868035, 11.646627565982405
2993, 3039, 19880.617000000002, 11.608504398826978, 11.65811339198436
2991, 3064, 19900.571, 11.619941348973606, 11.669599217986315
2967, 3060, 19920.657, 11.631378299120234, 11.68108504398827
2990, 3064, 19940.91, 11.642815249266862, 11.692570869990226
3014, 3058, 19960.574999999997, 11.65425219941349, 11.704056695992179
2987, 3081, 19982.153000000002, 11.665689149560116, 11.715542521994134
2979, 3061, 20000.814, 11.677126099706744, 11.72702834799609
